Image,Category,woocommerceloopproductlink,Price,View,skin365totalsold,colinner_URL,Image1,Category1,woocommerceloopproductlink1,Price1,View1,skin365totalsold1,colinner_URL1
https://skin365.cdn.vccloud.vn/wp-content/uploads/2022/07/eogJygJk-scaled-1-300x300.jpeg,,,,,,https://skin365.vn/danh-muc/cham-soc-co-the/khac/,https://skin365.cdn.vccloud.vn/wp-content/uploads/2022/07/eogJygJk-scaled-1-300x300.jpeg,,,,,,https://skin365.vn/danh-muc/cham-soc-co-the/khac/
https://skin365.cdn.vccloud.vn/wp-content/uploads/2022/07/eogJygJk-scaled-1-300x300.jpeg,,,,,,https://skin365.vn/danh-muc/cham-soc-co-the/khac/,https://skin365.cdn.vccloud.vn/wp-content/uploads/2022/07/AnyConv.com__zoom-front-206299-300x300.jpg,,,,,,https://skin365.vn/danh-muc/cham-soc-co-the/dung-dich-ve-sinh/
https://skin365.cdn.vccloud.vn/wp-content/uploads/2022/07/eogJygJk-scaled-1-300x300.jpeg,,,,,,https://skin365.vn/danh-muc/cham-soc-co-the/khac/,https://skin365.cdn.vccloud.vn/wp-content/uploads/2021/06/Kem-danh-rang-Median-Dental-IQ-93-White-1-scaled-300x300.jpg,,,,,,https://skin365.vn/danh-muc/cham-soc-co-the/kem-danh-rang-cham-soc-co-the/
https://skin365.cdn.vccloud.vn/wp-content/uploads/2022/07/eogJygJk-scaled-1-300x300.jpeg,,,,,,https://skin365.vn/danh-muc/cham-soc-co-the/khac/,https://skin365.cdn.vccloud.vn/wp-content/uploads/2022/07/Scandal-Jean-Paul-Gaultier-300x300.jpg,,,,,,https://skin365.vn/danh-muc/cham-soc-co-the/nuoc-hoa/
https://skin365.cdn.vccloud.vn/wp-content/uploads/2022/07/eogJygJk-scaled-1-300x300.jpeg,,,,,,https://skin365.vn/danh-muc/cham-soc-co-the/khac/,https://skin365.cdn.vccloud.vn/wp-content/uploads/2022/07/Tay-Da-Chet-Body-Cocoon-Ca-Phe-Dak-Lak-200mL-300x300.jpg,,,,,,https://skin365.vn/danh-muc/cham-soc-co-the/tay-da-chet-co-the/
https://skin365.cdn.vccloud.vn/wp-content/uploads/2022/07/eogJygJk-scaled-1-300x300.jpeg,,,,,,https://skin365.vn/danh-muc/cham-soc-co-the/khac/,https://skin365.cdn.vccloud.vn/wp-content/uploads/2021/04/Gel-Rua-Tay-Kho-Bath-Body-Works-29mL-Du-mui-1-1-300x300.jpg,,,,,,https://skin365.vn/danh-muc/cham-soc-co-the/gel-rua-tay/
https://skin365.cdn.vccloud.vn/wp-content/uploads/2022/07/eogJygJk-scaled-1-300x300.jpeg,,,,,,https://skin365.vn/danh-muc/cham-soc-co-the/khac/,https://skin365.cdn.vccloud.vn/wp-content/uploads/2021/04/Xit-Thom-Body-PINK-250mL-2-scaled-300x300.jpg,,,,,,https://skin365.vn/danh-muc/cham-soc-co-the/nuoc-hoa-xit-thom-body-mist/
https://skin365.cdn.vccloud.vn/wp-content/uploads/2022/07/eogJygJk-scaled-1-300x300.jpeg,,,,,,https://skin365.vn/danh-muc/cham-soc-co-the/khac/,https://skin365.cdn.vccloud.vn/wp-content/uploads/2021/04/Secret-Key-Snow-White-Spot-Gel-scaled-300x300.jpg,,,,,,https://skin365.vn/danh-muc/cham-soc-co-the/tri-tham-cham-soc-co-the/
https://skin365.cdn.vccloud.vn/wp-content/uploads/2022/07/eogJygJk-scaled-1-300x300.jpeg,,,,,,https://skin365.vn/danh-muc/cham-soc-co-the/khac/,https://skin365.cdn.vccloud.vn/wp-content/uploads/2021/04/Kem-Duong-Da-Tay-KOSE-CoenRich-Q10-300x300.jpg,,,,,,https://skin365.vn/danh-muc/cham-soc-co-the/duong-tay-cham-soc-co-the/
https://skin365.cdn.vccloud.vn/wp-content/uploads/2022/07/eogJygJk-scaled-1-300x300.jpeg,,,,,,https://skin365.vn/danh-muc/cham-soc-co-the/khac/,https://skin365.cdn.vccloud.vn/wp-content/uploads/2021/04/Duong-The-REDWIN-Vitamin-E-Body-Lotion-400mL--300x300.jpg,,,,,,https://skin365.vn/danh-muc/cham-soc-co-the/duong-the/
https://skin365.cdn.vccloud.vn/wp-content/uploads/2022/07/eogJygJk-scaled-1-300x300.jpeg,,,,,,https://skin365.vn/danh-muc/cham-soc-co-the/khac/,https://skin365.cdn.vccloud.vn/wp-content/uploads/2021/04/Hatomugi-UV-Milkey-Gel-250mL-1-300x300.jpg,,,,,,https://skin365.vn/danh-muc/cham-soc-co-the/chong-nang-toan-than/
https://skin365.cdn.vccloud.vn/wp-content/uploads/2022/07/eogJygJk-scaled-1-300x300.jpeg,,,,,,https://skin365.vn/danh-muc/cham-soc-co-the/khac/,https://skin365.cdn.vccloud.vn/wp-content/uploads/2021/04/Lan-Khu-Mui-Perspirex-scaled-300x300.jpg,,,,,,https://skin365.vn/danh-muc/cham-soc-co-the/lan-khu-mui/
https://skin365.cdn.vccloud.vn/wp-content/uploads/2022/07/eogJygJk-scaled-1-300x300.jpeg,,,,,,https://skin365.vn/danh-muc/cham-soc-co-the/khac/,https://skin365.cdn.vccloud.vn/wp-content/uploads/2022/09/Tay-Long-Veet-100mL-300x300.jpg,,,,,,https://skin365.vn/danh-muc/cham-soc-co-the/tay-long/
https://skin365.cdn.vccloud.vn/wp-content/uploads/2022/07/eogJygJk-scaled-1-300x300.jpeg,,,,,,https://skin365.vn/danh-muc/cham-soc-co-the/khac/,https://skin365.cdn.vccloud.vn/wp-content/uploads/2021/04/Sua-Tam-St.Ives-400ml-scaled-300x300.jpg,,,,,,https://skin365.vn/danh-muc/cham-soc-co-the/sua-tam/
https://skin365.cdn.vccloud.vn/wp-content/uploads/2022/07/eogJygJk-scaled-1-300x300.jpeg,,,,,,https://skin365.vn/danh-muc/cham-soc-co-the/khac/,https://skin365.cdn.vccloud.vn/wp-content/uploads/2021/06/Thiet-ke-chua-co-ten-10-300x300.png,"
Chăm Sóc Cơ Thể",Dầu Gội Khô Girlz Only Dry Shampoo,, 5.3k lượt xem, Bán 468,https://skin365.vn/san-pham/dau-goi-kho-girlz-only-dry-shampoo-200ml/
https://skin365.cdn.vccloud.vn/wp-content/uploads/2022/07/eogJygJk-scaled-1-300x300.jpeg,,,,,,https://skin365.vn/danh-muc/cham-soc-co-the/khac/,https://skin365.cdn.vccloud.vn/wp-content/uploads/2020/08/Tay-Da-Chet-Body-Cocoon-Ca-Phe-Dak-Lak-200mL-300x300.jpg,"
Chăm Sóc Cơ Thể",Tẩy Da Chết Toàn Thân Cocoon Cà Phê Đắk Lắk,, 5.1k lượt xem, Bán 459,https://skin365.vn/san-pham/tay-da-chet-toan-than-cocoon-ca-phe-dak-lak-200ml/
https://skin365.cdn.vccloud.vn/wp-content/uploads/2022/07/eogJygJk-scaled-1-300x300.jpeg,,,,,,https://skin365.vn/danh-muc/cham-soc-co-the/khac/,https://skin365.cdn.vccloud.vn/wp-content/uploads/2021/04/TAY-DA-CHET-TOAN-THAN-ORGANIC-SHOP-BODY-SCRUB-250ML-300x300.jpg,"
Chăm Sóc Cơ Thể",Tẩy Da Chết Toàn Thân Organic Shop Body Scrub 250mL,138.000 ₫, 3.7k lượt xem, Bán 333,https://skin365.vn/san-pham/tay-da-chet-toan-than-organic-shop-body-scrub-250ml/
https://skin365.cdn.vccloud.vn/wp-content/uploads/2022/07/eogJygJk-scaled-1-300x300.jpeg,,,,,,https://skin365.vn/danh-muc/cham-soc-co-the/khac/,https://skin365.cdn.vccloud.vn/wp-content/uploads/2019/10/Median-Dental-IQ-93-120g-300x300.jpg,"
Chăm Sóc Cơ Thể",Kem Đánh Răng Median Dental IQ 93% 120g,, 3.6k lượt xem, Bán 315,https://skin365.vn/san-pham/kem-danh-rang-median-dental-iq-93-120g/
https://skin365.cdn.vccloud.vn/wp-content/uploads/2022/07/eogJygJk-scaled-1-300x300.jpeg,,,,,,https://skin365.vn/danh-muc/cham-soc-co-the/khac/,https://skin365.cdn.vccloud.vn/wp-content/uploads/2021/11/oYNJSLzd-300x300.jpeg,"
Chăm Sóc Cơ Thể",Tẩy Tế Bào Chết Dove Creme-Dusch-Peeling 225mL,, 3.2k lượt xem, Bán 279,https://skin365.vn/san-pham/tay-te-bao-chet-dove-creme-dusch-peeling-225ml/
https://skin365.cdn.vccloud.vn/wp-content/uploads/2022/07/eogJygJk-scaled-1-300x300.jpeg,,,,,,https://skin365.vn/danh-muc/cham-soc-co-the/khac/,https://skin365.cdn.vccloud.vn/wp-content/uploads/2019/01/Sua-Tam-Hatomugi-Moisturizing-Washing-800mL-2-300x300.jpg,"
Chăm Sóc Cơ Thể",Sữa Tắm Hatomugi Moisturizing & Washing 800mL,230.000 ₫, 3k lượt xem, Bán 264,https://skin365.vn/san-pham/sua-tam-hatomugi-moisturizing-washing-800ml/
https://skin365.cdn.vccloud.vn/wp-content/uploads/2022/07/eogJygJk-scaled-1-300x300.jpeg,,,,,,https://skin365.vn/danh-muc/cham-soc-co-the/khac/,https://skin365.cdn.vccloud.vn/wp-content/uploads/2022/11/Muoi-Tam-A-Bonne-Spa-Milk-Salt-350g-Nhap-Khau-300x300.png,"
Chăm Sóc Cơ Thể",Muối Tắm A Bonne’ Spa Milk Salt 350g (Nhập Khẩu),, 2.9k lượt xem, Bán 258,https://skin365.vn/san-pham/muoi-tam-a-bonne-spa-milk-salt-350g-nhap-khau/
https://skin365.cdn.vccloud.vn/wp-content/uploads/2022/07/eogJygJk-scaled-1-300x300.jpeg,,,,,,https://skin365.vn/danh-muc/cham-soc-co-the/khac/,https://skin365.cdn.vccloud.vn/wp-content/uploads/2021/04/snow-white-duong-the--300x300.png,"
Chăm Sóc Cơ Thể",Kem Tắm Trắng Snow White Milky Pack,440.000 ₫, 2.7k lượt xem, Bán 237,https://skin365.vn/san-pham/snow-white-milky-pack/
https://skin365.cdn.vccloud.vn/wp-content/uploads/2022/07/eogJygJk-scaled-1-300x300.jpeg,,,,,,https://skin365.vn/danh-muc/cham-soc-co-the/khac/,https://skin365.cdn.vccloud.vn/wp-content/uploads/2021/04/vaselin-duong-the--300x300.png,"
Chăm Sóc Cơ Thể",Dưỡng Thể Vaseline Healthy Bright Gluta-hya Serum Burst UV Lotion 330mL,, 2.4k lượt xem, Bán 204,https://skin365.vn/san-pham/duong-the-vaseline-healthy-bright-gluta-hya-serum-burst-uv-lotion-330ml/
https://skin365.cdn.vccloud.vn/wp-content/uploads/2022/07/eogJygJk-scaled-1-300x300.jpeg,,,,,,https://skin365.vn/danh-muc/cham-soc-co-the/khac/,https://skin365.cdn.vccloud.vn/wp-content/uploads/2018/01/Eucryl-Toothpowder-Freshmint-flavor-2-300x300.jpg,"
Chăm Sóc Cơ Thể",Bột Tẩy Trắng Răng Eucryl Toothpowder – Freshmint flavor,, 2.3k lượt xem, Bán 192,https://skin365.vn/san-pham/bot-tay-trang-rang-eucryl-toothpowder-freshmint-flavor/
https://skin365.cdn.vccloud.vn/wp-content/uploads/2022/07/eogJygJk-scaled-1-300x300.jpeg,,,,,,https://skin365.vn/danh-muc/cham-soc-co-the/khac/,https://skin365.cdn.vccloud.vn/wp-content/uploads/2021/03/Kem-Duong-Tay-Hatomugi-Moisturizing-Conditioning-The-Hand-Cream-65g-300x300.jpg,"
Chăm Sóc Cơ Thể",Kem Dưỡng Tay Hatomugi Moisturizing & Conditioning The Hand Cream 65g,100.000 ₫, 2k lượt xem, Bán 177,https://skin365.vn/san-pham/kem-duong-tay-hatomugi-moisturizing-conditioning-the-hand-cream-65g/
https://skin365.cdn.vccloud.vn/wp-content/uploads/2022/07/eogJygJk-scaled-1-300x300.jpeg,,,,,,https://skin365.vn/danh-muc/cham-soc-co-the/khac/,https://skin365.cdn.vccloud.vn/wp-content/uploads/2020/08/c026d8c9304d75d999ec04cc47871a9c-300x300.jpg,"
Chăm Sóc Cơ Thể",Dưỡng Thể Trắng Da Vaseline Healthy White 50x SPF50+ PA++++ Sun Pollution Protection Serum 320mL,, 1.9k lượt xem, Bán 162,https://skin365.vn/san-pham/duong-the-trang-da-vaseline-healthy-white-50x-spf50-pa-sun-pollution-protection-serum-320ml/
https://skin365.cdn.vccloud.vn/wp-content/uploads/2022/07/eogJygJk-scaled-1-300x300.jpeg,,,,,,https://skin365.vn/danh-muc/cham-soc-co-the/khac/,https://skin365.cdn.vccloud.vn/wp-content/uploads/2021/05/Duong-The-Chong-Nang-Hatomugi-The-UV-Milky-Gel-31-300x300.jpg,"
Chăm Sóc Cơ Thể",Dưỡng Thể Chống Nắng Hatomugi The UV Milky Gel,, 1.7k lượt xem, Bán 135,https://skin365.vn/san-pham/duong-the-chong-nang-hatomugi-the-uv-milky-gel/
https://skin365.cdn.vccloud.vn/wp-content/uploads/2022/07/eogJygJk-scaled-1-300x300.jpeg,,,,,,https://skin365.vn/danh-muc/cham-soc-co-the/khac/,https://skin365.cdn.vccloud.vn/wp-content/uploads/2022/03/180856040_152295850175137_6621735575602307965_n-300x300.jpg,"
Chăm Sóc Cơ Thể",Sữa Tắm Tesori D’oriente Lotus Flower Aromatic Bath Cream,, 1.5k lượt xem, Bán 126,https://skin365.vn/san-pham/__trashed-12/
https://skin365.cdn.vccloud.vn/wp-content/uploads/2022/07/eogJygJk-scaled-1-300x300.jpeg,,,,,,https://skin365.vn/danh-muc/cham-soc-co-the/khac/,https://skin365.cdn.vccloud.vn/wp-content/uploads/2021/05/Nuskin-Scion-Whitening-Roll-On-75mL-300x300.jpg,"
Chăm Sóc Cơ Thể",Lăn Khử Mùi Nuskin Scion Whitening Roll On 75mL,, 1.5k lượt xem, Bán 120,https://skin365.vn/san-pham/lan-khu-mui-nuskin-scion-whitening-roll-on-75ml/
https://skin365.cdn.vccloud.vn/wp-content/uploads/2022/07/eogJygJk-scaled-1-300x300.jpeg,,,,,,https://skin365.vn/danh-muc/cham-soc-co-the/khac/,https://skin365.cdn.vccloud.vn/wp-content/uploads/2017/11/For-Back-Medicated-Soap-300x300.jpg,"
Chăm Sóc Cơ Thể",Xà Phòng Trị Mụn Lưng Pelican For Back Medicated Soap,, 1.4k lượt xem, Bán 120,https://skin365.vn/san-pham/xa-phong-tri-mun-lung-for-back-medicated-soap-cua-nhat/
https://skin365.cdn.vccloud.vn/wp-content/uploads/2022/07/eogJygJk-scaled-1-300x300.jpeg,,,,,,https://skin365.vn/danh-muc/cham-soc-co-the/khac/,https://skin365.cdn.vccloud.vn/wp-content/uploads/2021/04/7jtd3ijA-300x300.png,"
Chăm Sóc Cơ Thể",Nước Hoa Vùng Kín Foellie Eau De Inner Perfume 5mL,180.000 ₫, 1.4k lượt xem, Bán 117,https://skin365.vn/san-pham/nuoc-hoa-vung-kin-foellie-eau-de-inner-perfume-5ml/
https://skin365.cdn.vccloud.vn/wp-content/uploads/2022/07/eogJygJk-scaled-1-300x300.jpeg,,,,,,https://skin365.vn/danh-muc/cham-soc-co-the/khac/,https://skin365.cdn.vccloud.vn/wp-content/uploads/2017/12/SUA-TAM-DUONG-TRANG-WHITE-CONC-BODY-SHAMPOO-300x300.jpg,"
Chăm Sóc Cơ Thể",Sữa Tắm Dưỡng Trắng White Conc Body Shampoo,350.000 ₫, 1.4k lượt xem, Bán 117,https://skin365.vn/san-pham/sua-tam-trang-da-toan-than-white-conc-body-shampoo-nhat-ban-360ml/
https://skin365.cdn.vccloud.vn/wp-content/uploads/2022/07/eogJygJk-scaled-1-300x300.jpeg,,,,,,https://skin365.vn/danh-muc/cham-soc-co-the/khac/,https://skin365.cdn.vccloud.vn/wp-content/uploads/2019/12/redwin-duong-the--300x300.png,"
Chăm Sóc Cơ Thể",Kem Dưỡng Da Redwin Vitamin E Cream with Evening Primrose Oil 300g,, 1.2k lượt xem, Bán 105,https://skin365.vn/san-pham/kem-duong-da-redwin-vitamin-e-cream-with-evening-primrose-oil-300g/
https://skin365.cdn.vccloud.vn/wp-content/uploads/2022/07/eogJygJk-scaled-1-300x300.jpeg,,,,,,https://skin365.vn/danh-muc/cham-soc-co-the/khac/,https://skin365.cdn.vccloud.vn/wp-content/uploads/2021/04/Femfresh-Daily-Intimate-Wash-250mL-300x300.jpg,"
Chăm Sóc Cơ Thể",Dung Dịch Vệ Sinh Phụ Nữ Femfresh UK,198.000 ₫, 1.2k lượt xem, Bán 102,https://skin365.vn/san-pham/dung-dich-ve-sinh-phu-nu-femfresh-daily-intimate-wash-250ml/
https://skin365.cdn.vccloud.vn/wp-content/uploads/2022/07/eogJygJk-scaled-1-300x300.jpeg,,,,,,https://skin365.vn/danh-muc/cham-soc-co-the/khac/,https://skin365.cdn.vccloud.vn/wp-content/uploads/2022/06/Dove-Exfoliating-Body-Polish-298g-Ban-My-300x300.jpg,"
Chăm Sóc Cơ Thể",Tẩy Tế Bào Chết Dove Exfoliating Body Polish 298g (Bản Mỹ),, 1.2k lượt xem, Bán 96,https://skin365.vn/san-pham/tay-te-bao-chet-dove-exfoliating-body-polish-298g-ban-my/
https://skin365.cdn.vccloud.vn/wp-content/uploads/2022/07/eogJygJk-scaled-1-300x300.jpeg,,,,,,https://skin365.vn/danh-muc/cham-soc-co-the/khac/,https://skin365.cdn.vccloud.vn/wp-content/uploads/2018/09/DUONG-THE-WHITE-CONC-WHITE-CC-CREAM-300x300.jpg,"
Chăm Sóc Cơ Thể",Dưỡng Thể White Conc White CC Cream 200g,350.000 ₫, 994 lượt xem, Bán 87,https://skin365.vn/san-pham/kem-make-up-body-white-conc-body-cc-cream-200g/
https://skin365.cdn.vccloud.vn/wp-content/uploads/2022/07/eogJygJk-scaled-1-300x300.jpeg,,,,,,https://skin365.vn/danh-muc/cham-soc-co-the/khac/,https://skin365.cdn.vccloud.vn/wp-content/uploads/2018/11/Pelican-Hip-Care-Soap-300x300.jpg,"
Chăm Sóc Cơ Thể",Xà Phòng Trị Thâm Mông Pelican Hip Care Soap,, 1k lượt xem, Bán 84,https://skin365.vn/san-pham/xa-phong-tri-tham-mong-pelican-hip-care-soap/
https://skin365.cdn.vccloud.vn/wp-content/uploads/2022/07/eogJygJk-scaled-1-300x300.jpeg,,,,,,https://skin365.vn/danh-muc/cham-soc-co-the/khac/,https://skin365.cdn.vccloud.vn/wp-content/uploads/2020/07/Lan-Khu-Mui-Dac-Tri-Etiaxil-Detranspirant-Traitement-Roll-On-Peaux-Sensibles-15mL-1-300x300.jpg,"
Chăm Sóc Cơ Thể",Lăn Khử Mùi Đặc Trị Etiaxil Detranspirant Traitement Roll-On Peaux Sensibles 15mL,293.000 ₫, 1k lượt xem, Bán 81,https://skin365.vn/san-pham/lan-khu-mui-etiaxil-detranspirant-traitement-15ml-sensitive-skin/
https://skin365.cdn.vccloud.vn/wp-content/uploads/2022/07/eogJygJk-scaled-1-300x300.jpeg,,,,,,https://skin365.vn/danh-muc/cham-soc-co-the/khac/,https://skin365.cdn.vccloud.vn/wp-content/uploads/2021/04/vaselin-duong-the-hong--300x300.png,"
Chăm Sóc Cơ Thể",Dưỡng Thể Vaseline Healthy Bright Daily Brightening Body Lotion 725mL,, 849 lượt xem, Bán 75,https://skin365.vn/san-pham/duong-the-vaseline-healthy-bright-daily-brightening-body-lotion-725ml/
https://skin365.cdn.vccloud.vn/wp-content/uploads/2022/07/eogJygJk-scaled-1-300x300.jpeg,,,,,,https://skin365.vn/danh-muc/cham-soc-co-the/khac/,https://skin365.cdn.vccloud.vn/wp-content/uploads/2022/07/Dung-Dich-Ve-Sinh-Intima-Ziaja-200mL-300x300.jpg,"
Chăm Sóc Cơ Thể",Dung Dịch Vệ Sinh Intima Ziaja 200mL,, 877 lượt xem, Bán 72,https://skin365.vn/san-pham/dung-dich-ve-sinh-intima-ziaja-200ml/
https://skin365.cdn.vccloud.vn/wp-content/uploads/2022/07/eogJygJk-scaled-1-300x300.jpeg,,,,,,https://skin365.vn/danh-muc/cham-soc-co-the/khac/,https://skin365.cdn.vccloud.vn/wp-content/uploads/2022/10/duong-the-hatomugi-tone-up-body-milk-hong-1-300x300.png,"
Chăm Sóc Cơ Thể",Dưỡng Thể Hatomugi The Tone Up Body Milk (Nhập Khẩu) – 400mL,125.000 ₫, 802 lượt xem, Bán 69,https://skin365.vn/san-pham/duong-the-hatomugi-the-tone-up-body-milk-nhap-khau-400ml/
https://skin365.cdn.vccloud.vn/wp-content/uploads/2022/07/eogJygJk-scaled-1-300x300.jpeg,,,,,,https://skin365.vn/danh-muc/cham-soc-co-the/khac/,https://skin365.cdn.vccloud.vn/wp-content/uploads/2021/06/Duong-The-Hatomugi-Body-Lotion-250g-300x300.jpg,"
Chăm Sóc Cơ Thể",Dưỡng Thể Hatomugi Body Lotion 250g,159.000 ₫, 878 lượt xem, Bán 66,https://skin365.vn/san-pham/duong-the-hatomugi-body-lotion-250g/
https://skin365.cdn.vccloud.vn/wp-content/uploads/2022/07/eogJygJk-scaled-1-300x300.jpeg,,,,,,https://skin365.vn/danh-muc/cham-soc-co-the/khac/,https://skin365.cdn.vccloud.vn/wp-content/uploads/2021/06/KOSE-CoenRich-Q10-300x300.jpg,"
Chăm Sóc Cơ Thể",Kem Dưỡng Da Tay KOSE CoenRich Q10,, 905 lượt xem, Bán 66,https://skin365.vn/san-pham/kem-duong-da-tay-kose-coenrich-q10/
https://skin365.cdn.vccloud.vn/wp-content/uploads/2022/07/eogJygJk-scaled-1-300x300.jpeg,,,,,,https://skin365.vn/danh-muc/cham-soc-co-the/khac/,https://skin365.cdn.vccloud.vn/wp-content/uploads/2020/11/Dau-Goi-Tsubaki-Premium-Repair-Shampoo-490mL-300x300.jpg,"
Chăm Sóc Cơ Thể",Dầu Gội – Xả Tsubaki Premium Repair 490mL,199.000 ₫, 878 lượt xem, Bán 66,https://skin365.vn/san-pham/dau-goi-xa-phuc-hoi-hu-ton-ngan-rung-toc-tsubaki-premium-repair-490ml/
https://skin365.cdn.vccloud.vn/wp-content/uploads/2022/07/eogJygJk-scaled-1-300x300.jpeg,,,,,,https://skin365.vn/danh-muc/cham-soc-co-the/khac/,https://skin365.cdn.vccloud.vn/wp-content/uploads/2019/01/Gel-Rua-tay-kho-Bath-Body-Works-29ml-300x300.jpg,"
Chăm Sóc Cơ Thể",Gel Rửa Tay Khô Bath & Body Works 29mL,, 790 lượt xem, Bán 63,https://skin365.vn/san-pham/gel-rua-tay-kho-bath-body-works-29ml/
https://skin365.cdn.vccloud.vn/wp-content/uploads/2022/07/eogJygJk-scaled-1-300x300.jpeg,,,,,,https://skin365.vn/danh-muc/cham-soc-co-the/khac/,https://skin365.cdn.vccloud.vn/wp-content/uploads/2018/02/Natural-Republic-Soothing-Gel-Aloe-Vera-92-300x300.jpg,"
Chăm Sóc Cơ Thể",Gel Lô Hội Natural Republic Soothing Gel Aloe Vera 92%,, 678 lượt xem, Bán 60,https://skin365.vn/san-pham/gel-lo-hoi-natural-republic-soothing-gel-aloe-vera-92/
https://skin365.cdn.vccloud.vn/wp-content/uploads/2022/07/eogJygJk-scaled-1-300x300.jpeg,,,,,,https://skin365.vn/danh-muc/cham-soc-co-the/khac/,https://skin365.cdn.vccloud.vn/wp-content/uploads/2021/10/MvDHiKWQ-300x300.jpeg,"
Chăm Sóc Cơ Thể",Gel Rửa Mặt & Tắm La Roche-Posay Effaclar Micro-Peeling Purifying Gel,, 817 lượt xem, Bán 57,https://skin365.vn/san-pham/gel-rua-mat-tam-la-roche-posay-effaclar-micro-peeling-purifying-gel/
https://skin365.cdn.vccloud.vn/wp-content/uploads/2022/07/eogJygJk-scaled-1-300x300.jpeg,,,,,,https://skin365.vn/danh-muc/cham-soc-co-the/khac/,https://skin365.cdn.vccloud.vn/wp-content/uploads/2018/11/Xa-Phong-Tri-Tham-Nach-Pelician-Nhat-Ban-300x300.jpg,"
Chăm Sóc Cơ Thể",Xà Phòng Trị Thâm Nách Pelician Nhật Bản,, 693 lượt xem, Bán 57,https://skin365.vn/san-pham/xa-phong-tri-tham-nach-pelician-cua-nhat-ban/
https://skin365.cdn.vccloud.vn/wp-content/uploads/2022/07/eogJygJk-scaled-1-300x300.jpeg,,,,,,https://skin365.vn/danh-muc/cham-soc-co-the/khac/,https://skin365.cdn.vccloud.vn/wp-content/uploads/2017/12/CAbpu6TA-300x300.jpeg,"
Chăm Sóc Cơ Thể",Dầu Nóng Xoa Bóp Antiphlamine Hàn Quốc 100mL,, 703 lượt xem, Bán 57,https://skin365.vn/san-pham/dau-nong-xoa-bop-han-quoc-100ml/
https://skin365.cdn.vccloud.vn/wp-content/uploads/2022/07/eogJygJk-scaled-1-300x300.jpeg,,,,,,https://skin365.vn/danh-muc/cham-soc-co-the/khac/,https://skin365.cdn.vccloud.vn/wp-content/uploads/2021/04/Son-Duong-DHC-Lip-Cream-1.5g-300x300.jpg,"
Chăm Sóc Da Mặt",Son Dưỡng DHC Lip Cream 1.5g,199.000 ₫, 741 lượt xem, Bán 54,https://skin365.vn/san-pham/son-duong-dhc-lip-cream-1-5g/
https://skin365.cdn.vccloud.vn/wp-content/uploads/2022/07/eogJygJk-scaled-1-300x300.jpeg,,,,,,https://skin365.vn/danh-muc/cham-soc-co-the/khac/,https://skin365.cdn.vccloud.vn/wp-content/uploads/2021/04/Xit-Giam-Mun-Va-Xoa-Tham-Lung-3-In-1-Angels-Liquid-Glutathione-Centella-Calming-Body-Mist-150mL-2-300x300.jpg,"
Trị Thâm",Xịt Giảm Mụn Và Xoá Thâm Lưng 3 In 1 Angel’s Liquid Glutathione+ Centella Calming Body Mist 150mL,699.000 ₫, 614 lượt xem, Bán 51,https://skin365.vn/san-pham/xit-giam-mun-va-xoa-tham-lung-3-in-1-angels-liquid-glutathione-centella-calming-body-mist-150ml/
https://skin365.cdn.vccloud.vn/wp-content/uploads/2022/07/eogJygJk-scaled-1-300x300.jpeg,,,,,,https://skin365.vn/danh-muc/cham-soc-co-the/khac/,https://skin365.cdn.vccloud.vn/wp-content/uploads/2022/02/Hatomugi-The-Tone-Up-UV-Milky-Gel-SPF31-PA-250mL-2-300x300.jpg,"
Dưỡng Thể",Dưỡng Thể Nâng Tone Hatomugi The Tone Up UV Milky Gel SPF31 PA+++ 250mL,200.000 ₫, 621 lượt xem, Bán 48,https://skin365.vn/san-pham/duong-the-nang-tone-hatomugi-the-tone-up-uv-milky-gel-spf31-pa-250ml/
https://skin365.cdn.vccloud.vn/wp-content/uploads/2022/07/eogJygJk-scaled-1-300x300.jpeg,,,,,,https://skin365.vn/danh-muc/cham-soc-co-the/khac/,https://skin365.cdn.vccloud.vn/wp-content/uploads/2021/06/Lan-Khu-Mui-Dac-Tri-EtiaXil-Detranspirant-Traitement-Roll-On-Peaux-Sensibles-Confort-15mL-300x300.jpg,"
Chăm Sóc Cơ Thể",Lăn Khử Mùi Đặc Trị EtiaXil Detranspirant Traitement Roll-On Peaux Sensibles Confort 15mL,293.000 ₫, 578 lượt xem, Bán 48,https://skin365.vn/san-pham/lan-khu-mui-etiaxil-detranspirant-traitement-roll-on-15ml/
https://skin365.cdn.vccloud.vn/wp-content/uploads/2022/07/eogJygJk-scaled-1-300x300.jpeg,,,,,,https://skin365.vn/danh-muc/cham-soc-co-the/khac/,https://skin365.cdn.vccloud.vn/wp-content/uploads/2020/08/Sua-Tam-Duong-Am-Hatomugi-Moisture-Rich-Body-Soap-600mL-300x300.jpg,"
Chăm Sóc Cơ Thể",Sữa Tắm Dưỡng Ẩm Hatomugi Moisture Rich Body Soap 600mL,199.000 ₫, 715 lượt xem, Bán 48,https://skin365.vn/san-pham/sua-tam-duong-am-hatomugi-the-body-soap-600ml/
https://skin365.cdn.vccloud.vn/wp-content/uploads/2022/07/eogJygJk-scaled-1-300x300.jpeg,,,,,,https://skin365.vn/danh-muc/cham-soc-co-the/khac/,https://skin365.cdn.vccloud.vn/wp-content/uploads/2019/11/1uuQ7lgo-300x300.jpeg,"
Chăm Sóc Cơ Thể",Xịt Thơm Toàn Thân Bath & Body Works Fine Fragrance Mist,, 588 lượt xem, Bán 48,https://skin365.vn/san-pham/xit-thom-toan-than-bath-body-works-fine-fragrance-mist/
https://skin365.cdn.vccloud.vn/wp-content/uploads/2022/07/eogJygJk-scaled-1-300x300.jpeg,,,,,,https://skin365.vn/danh-muc/cham-soc-co-the/khac/,https://skin365.cdn.vccloud.vn/wp-content/uploads/2022/07/Woolworths-Everyday-Sunscreen-SPF-50-300x300.jpg,"
Chăm Sóc Cơ Thể",Kem Chống Nắng Woolworths Everyday Sunscreen SPF 50+,, 514 lượt xem, Bán 45,https://skin365.vn/san-pham/kem-chong-nang-woolworths-everyday-sunscreen-spf-50-1l/
https://skin365.cdn.vccloud.vn/wp-content/uploads/2022/07/eogJygJk-scaled-1-300x300.jpeg,,,,,,https://skin365.vn/danh-muc/cham-soc-co-the/khac/,https://skin365.cdn.vccloud.vn/wp-content/uploads/2021/04/Sua-Tam-Senka-Perfect-Bubble-For-Body-500mL-300x300.jpg,"
Chăm Sóc Cơ Thể",Sữa Tắm Senka Perfect Bubble For Body 500mL,169.000 ₫, 533 lượt xem, Bán 45,https://skin365.vn/san-pham/sua-tam-senka-perfect-bubble-for-body-500ml/
https://skin365.cdn.vccloud.vn/wp-content/uploads/2022/07/eogJygJk-scaled-1-300x300.jpeg,,,,,,https://skin365.vn/danh-muc/cham-soc-co-the/khac/,https://skin365.cdn.vccloud.vn/wp-content/uploads/2020/10/Secret-Key-Snow-White-Spot-Gel-65g-300x300.jpg,"
Chăm Sóc Cơ Thể",Gel Dưỡng Trắng Trị Thâm Secret Key Snow White Spot Gel 65g,440.000 ₫, 578 lượt xem, Bán 45,https://skin365.vn/san-pham/duong-trang-tri-tham-secret-key-snow-white-spot-gel-65g/
https://skin365.cdn.vccloud.vn/wp-content/uploads/2022/07/eogJygJk-scaled-1-300x300.jpeg,,,,,,https://skin365.vn/danh-muc/cham-soc-co-the/khac/,https://skin365.cdn.vccloud.vn/wp-content/uploads/2022/07/Precious-Skin-Alpha-Arbutin-3-Plus-Organic-Underarm-Night-Cream-50g-300x300.jpg,"
Chăm Sóc Cơ Thể",Kem Dưỡng Trắng Và Trị Thâm Nách Precious Skin Alpha Arbutin 3 Plus Organic Underarm Night Cream 50g,, 643 lượt xem, Bán 42,https://skin365.vn/san-pham/kem-duong-trang-va-tri-tham-nach-precious-skin-alpha-arbutin-3-plus-organic-underarm-night-cream-50g/
https://skin365.cdn.vccloud.vn/wp-content/uploads/2022/07/eogJygJk-scaled-1-300x300.jpeg,,,,,,https://skin365.vn/danh-muc/cham-soc-co-the/khac/,https://skin365.cdn.vccloud.vn/wp-content/uploads/2022/03/a1-24102018021806-300x300.png,"
Chăm Sóc Cơ Thể",Tẩy Tế Bào Chết Mặt Organic Shop 75mL,, 523 lượt xem, Bán 42,https://skin365.vn/san-pham/tay-te-bao-chet-mat-organic-shop-75ml/
https://skin365.cdn.vccloud.vn/wp-content/uploads/2022/07/eogJygJk-scaled-1-300x300.jpeg,,,,,,https://skin365.vn/danh-muc/cham-soc-co-the/khac/,https://skin365.cdn.vccloud.vn/wp-content/uploads/2021/12/sWey9hnQ-300x300.png,"
Chăm Sóc Cơ Thể",Kem Đánh Răng NuSkin AP24 Whitening Fluoride Toothpaste 110g,, 533 lượt xem, Bán 42,https://skin365.vn/san-pham/kem-danh-rang-nuskin-ap24-whitening-fluoride-toothpaste-110g/
https://skin365.cdn.vccloud.vn/wp-content/uploads/2022/07/eogJygJk-scaled-1-300x300.jpeg,,,,,,https://skin365.vn/danh-muc/cham-soc-co-the/khac/,https://skin365.cdn.vccloud.vn/wp-content/uploads/2022/10/Sua-tam-Olay--300x300.png,"
Chăm Sóc Cơ Thể",Dưỡng Thể Olay Body Cellscience B3+ Vitamin C Body Lotion 250mL,210.000 ₫, 485 lượt xem, Bán 39,https://skin365.vn/san-pham/duong-the-olay-body-cellscience-b3-vitamin-c-body-lotion-250ml/
https://skin365.cdn.vccloud.vn/wp-content/uploads/2022/07/eogJygJk-scaled-1-300x300.jpeg,,,,,,https://skin365.vn/danh-muc/cham-soc-co-the/khac/,https://skin365.cdn.vccloud.vn/wp-content/uploads/2020/07/Deonatulle-Soft-Stone-Double-20g-300x300.jpg,"
Chăm Sóc Cơ Thể",Lăn Khử Mùi Deonatulle Soft Stone Double 20g,, 549 lượt xem, Bán 39,https://skin365.vn/san-pham/lan-khu-mui-deonatulle-soft-stone-double-20g/
https://skin365.cdn.vccloud.vn/wp-content/uploads/2022/07/eogJygJk-scaled-1-300x300.jpeg,,,,,,https://skin365.vn/danh-muc/cham-soc-co-the/khac/,https://skin365.cdn.vccloud.vn/wp-content/uploads/2018/09/Pelican-For-Back-Medicated-Body-Lotion-100mL-300x300.jpg,"
Chăm Sóc Cơ Thể",Gel Trị Mụn Lưng Dạng Xịt Pelican For Back Medicated Body Lotion 100mL,, 576 lượt xem, Bán 39,https://skin365.vn/san-pham/gel-tri-mun-vung-lung-pelican-for-back-dang-xit-100ml/
https://skin365.cdn.vccloud.vn/wp-content/uploads/2022/07/eogJygJk-scaled-1-300x300.jpeg,,,,,,https://skin365.vn/danh-muc/cham-soc-co-the/khac/,https://skin365.cdn.vccloud.vn/wp-content/uploads/2023/02/Thiet-ke-chua-co-ten-2023-02-04T102502.498-300x300.png,"
Chăm Sóc Cơ Thể",Dưỡng Thể Vaseline Healthy Bright Gluta-hya UV Lotion (Thái Nội địa) – 300mL,, 562 lượt xem, Bán 36,https://skin365.vn/san-pham/duong-the-vaseline-healthy-bright-gluta-hya-uv-lotion-thai-noi-dia-300ml/
https://skin365.cdn.vccloud.vn/wp-content/uploads/2022/07/eogJygJk-scaled-1-300x300.jpeg,,,,,,https://skin365.vn/danh-muc/cham-soc-co-the/khac/,https://skin365.cdn.vccloud.vn/wp-content/uploads/2022/10/Kem-danh-rang-crest--300x300.png,"
Chăm Sóc Cơ Thể",Kem Đánh Răng Crest 3D White Vivid Mint Ultra 147g,, 569 lượt xem, Bán 36,https://skin365.vn/san-pham/kem-danh-rang-crest-3d-white-vivid-mint-ultra-147g/
https://skin365.cdn.vccloud.vn/wp-content/uploads/2022/07/eogJygJk-scaled-1-300x300.jpeg,,,,,,https://skin365.vn/danh-muc/cham-soc-co-the/khac/,https://skin365.cdn.vccloud.vn/wp-content/uploads/2022/07/Angels-Liquid-Glutathione-Niacinamide-Arbutin-Fresh-Deodorant-300x300.jpg,"
Chăm Sóc Cơ Thể",Lăn Khử Mùi Angel’s Liquid Glutathione+ Niacinamide Arbutin Fresh Deodorant (Nhập Khẩu) 60mL,499.000 ₫, 414 lượt xem, Bán 36,https://skin365.vn/san-pham/lan-khu-mui-angels-liquid-glutathione-niacinamide-arbutin-fresh-deodorant-nhap-khau-60ml/
https://skin365.cdn.vccloud.vn/wp-content/uploads/2022/07/eogJygJk-scaled-1-300x300.jpeg,,,,,,https://skin365.vn/danh-muc/cham-soc-co-the/khac/,https://skin365.cdn.vccloud.vn/wp-content/uploads/2022/03/Pelican-Natural-Baking-Soda-Soap-135g-300x300.jpg,"
Chăm Sóc Cơ Thể",Xà Phòng Trị Viêm Nang Lông Pelican Natural Baking Soda Soap 135g,, 499 lượt xem, Bán 36,https://skin365.vn/san-pham/xa-phong-tri-viem-nang-long-pelican-natural-baking-soda-soap-135g/
https://skin365.cdn.vccloud.vn/wp-content/uploads/2022/07/eogJygJk-scaled-1-300x300.jpeg,,,,,,https://skin365.vn/danh-muc/cham-soc-co-the/khac/,https://skin365.cdn.vccloud.vn/wp-content/uploads/2021/06/Bo-Duong-The-Cocoon-Ca-Phe-Dak-Lak-Coffee-Body-Butter-200mL-300x300.jpg,"
Chăm Sóc Cơ Thể",Bơ Dưỡng Thể Cocoon Cà Phê Dak Lak Coffee Body Butter 200mL,, 511 lượt xem, Bán 33,https://skin365.vn/san-pham/bo-duong-the-cocoon-ca-phe-dak-lak-coffee-body-butter-200ml/
https://skin365.cdn.vccloud.vn/wp-content/uploads/2022/07/eogJygJk-scaled-1-300x300.jpeg,,,,,,https://skin365.vn/danh-muc/cham-soc-co-the/khac/,https://skin365.cdn.vccloud.vn/wp-content/uploads/2018/11/Manis-White-Body-Shampoo-1-300x300.jpg,"
Chăm Sóc Cơ Thể",Sữa Tắm Trắng Da Manis White Body Shampoo,, 406 lượt xem, Bán 33,https://skin365.vn/san-pham/sua-tam-trang-da-manis-white-body-shampoo/
https://skin365.cdn.vccloud.vn/wp-content/uploads/2022/07/eogJygJk-scaled-1-300x300.jpeg,,,,,,https://skin365.vn/danh-muc/cham-soc-co-the/khac/,https://skin365.cdn.vccloud.vn/wp-content/uploads/2018/10/Eucryl-Toothpaste-62g-300x300.jpg,"
Kem Đánh Răng",Kem Đánh Răng Eucryl Toothpaste 62g,, 504 lượt xem, Bán 33,https://skin365.vn/san-pham/kem-danh-rang-eucryl-toothpaste-62g/
https://skin365.cdn.vccloud.vn/wp-content/uploads/2022/07/eogJygJk-scaled-1-300x300.jpeg,,,,,,https://skin365.vn/danh-muc/cham-soc-co-the/khac/,https://skin365.cdn.vccloud.vn/wp-content/uploads/2022/11/A-BONNE-WHITE-C-300x300.png,"
Chăm Sóc Cơ Thể",Muối Tắm A Bonne’ Spa White Vitamin C Salt 350g (Nhập Khẩu),, 458 lượt xem, Bán 30,https://skin365.vn/san-pham/muoi-tam-a-bonne-spa-white-vitamin-c-salt-350g-nhap-khau/
https://skin365.cdn.vccloud.vn/wp-content/uploads/2022/07/eogJygJk-scaled-1-300x300.jpeg,,,,,,https://skin365.vn/danh-muc/cham-soc-co-the/khac/,https://skin365.cdn.vccloud.vn/wp-content/uploads/2022/06/Dung-Dich-Ve-Sinh-Phu-Nu-PH-Japan-Premium-Feminine-Wash-150mL-300x300.jpg,"
Chăm Sóc Cơ Thể",Dung Dịch Vệ Sinh Phụ Nữ PH Japan Premium Feminine Wash 150mL (Nhập Khẩu),, 383 lượt xem, Bán 30,https://skin365.vn/san-pham/dung-dich-ve-sinh-phu-nu-ph-japan-premium-feminine-wash-150ml-nhap-khau/
https://skin365.cdn.vccloud.vn/wp-content/uploads/2022/07/eogJygJk-scaled-1-300x300.jpeg,,,,,,https://skin365.vn/danh-muc/cham-soc-co-the/khac/,https://skin365.cdn.vccloud.vn/wp-content/uploads/2022/06/Nuoc-Rua-Mat-Kobayashi-Eyebon-500mL-300x300.jpg,"
Chăm Sóc Cơ Thể",Nước Rửa Mắt Kobayashi Eyebon 500mL,, 471 lượt xem, Bán 30,https://skin365.vn/san-pham/nuoc-rua-mat-kobayashi-eyebon-500ml/
https://skin365.cdn.vccloud.vn/wp-content/uploads/2022/07/eogJygJk-scaled-1-300x300.jpeg,,,,,,https://skin365.vn/danh-muc/cham-soc-co-the/khac/,https://skin365.cdn.vccloud.vn/wp-content/uploads/2022/06/Tesori-Doriente-Dragon-Flower-Aromatic-Bath-Cream-300x300.jpg,"
Chăm Sóc Cơ Thể",Sữa Tắm Tesori D’oriente Dragon Flower Aromatic Bath Cream (Nhập Khẩu),, 389 lượt xem, Bán 30,https://skin365.vn/san-pham/sua-tam-tesori-doriente-dragon-flower-aromatic-bath-cream-nhap-khau/
https://skin365.cdn.vccloud.vn/wp-content/uploads/2022/07/eogJygJk-scaled-1-300x300.jpeg,,,,,,https://skin365.vn/danh-muc/cham-soc-co-the/khac/,https://skin365.cdn.vccloud.vn/wp-content/uploads/2021/04/Vichy-Deodorant-Anti-Transpirant-48H-Sensitive-Skin-50mL-300x300.jpg,"
Chăm Sóc Cơ Thể",Lăn Khử Mùi Vichy 50mL (Pháp Nội Địa),, 413 lượt xem, Bán 30,https://skin365.vn/san-pham/lan-khu-mui-vichy-deodorant-anti-transpirant-48h-sensitive-skin-50ml/
https://skin365.cdn.vccloud.vn/wp-content/uploads/2022/07/eogJygJk-scaled-1-300x300.jpeg,,,,,,https://skin365.vn/danh-muc/cham-soc-co-the/khac/,https://skin365.cdn.vccloud.vn/wp-content/uploads/2022/11/Duong-The-Trang-Da-Chong-Nang-Whisis-Premium-Collagen-Whitening-Body-Lotion-SPF50-PA-Nhap-Khau-200mL-300x300.png,"
Chăm Sóc Cơ Thể",Dưỡng Thể Trắng Da Chống Nắng Whisis Premium Collagen Whitening Body Lotion SPF50+ PA++++ (Nhập Khẩu) – 200mL,155.000 ₫, 321 lượt xem, Bán 27,https://skin365.vn/san-pham/duong-the-trang-da-chong-nang-whisis-premium-collagen-whitening-body-lotion-spf50-pa-nhap-khau-200ml/
https://skin365.cdn.vccloud.vn/wp-content/uploads/2022/07/eogJygJk-scaled-1-300x300.jpeg,,,,,,https://skin365.vn/danh-muc/cham-soc-co-the/khac/,https://skin365.cdn.vccloud.vn/wp-content/uploads/2022/09/kem-tay-vaseline-300x300.png,"
Chăm Sóc Cơ Thể",Kem Dưỡng Tay Vaseline Deep Moisture Hand & Nail Cream 60mL,, 316 lượt xem, Bán 27,https://skin365.vn/san-pham/kem-duong-tay-vaseline-deep-moisture-hand-nail-cream-60ml/
https://skin365.cdn.vccloud.vn/wp-content/uploads/2022/07/eogJygJk-scaled-1-300x300.jpeg,,,,,,https://skin365.vn/danh-muc/cham-soc-co-the/khac/,https://skin365.cdn.vccloud.vn/wp-content/uploads/2020/08/Medifferent-In-Shower-Tone-Up-Cream-Whitening-Diamond-300mL-300x300.jpg,"
Chăm Sóc Cơ Thể",Sữa Tắm Trắng Medifferent In Shower Tone-Up Cream Whitening Diamond 300mL,, 350 lượt xem, Bán 27,https://skin365.vn/san-pham/sua-tam-medifferent-in-shower-tone-up-cream-whitening-diamond-300ml/
https://skin365.cdn.vccloud.vn/wp-content/uploads/2022/07/eogJygJk-scaled-1-300x300.jpeg,,,,,,https://skin365.vn/danh-muc/cham-soc-co-the/khac/,https://skin365.cdn.vccloud.vn/wp-content/uploads/2020/08/Xit-Duong-Toc-Tsubaki-Premium-Repair-Hair-Water-220mL-300x300.jpg,"
Chăm Sóc Cơ Thể",Xịt Dưỡng Tóc Tsubaki Premium Repair Hair Water 220mL,179.000 ₫, 444 lượt xem, Bán 27,https://skin365.vn/san-pham/xit-duong-toc-tsubaki-premium-repair-hair-water-220ml/
https://skin365.cdn.vccloud.vn/wp-content/uploads/2022/07/eogJygJk-scaled-1-300x300.jpeg,,,,,,https://skin365.vn/danh-muc/cham-soc-co-the/khac/,https://skin365.cdn.vccloud.vn/wp-content/uploads/2018/09/White-Conc-Watery-Cream-90g-300x300.jpg,"
Chăm Sóc Cơ Thể",Kem Dưỡng Trắng White Conc Watery Cream 90g,300.000 ₫, 343 lượt xem, Bán 27,https://skin365.vn/san-pham/kem-duong-trang-white-conc-watery-cream-90g/
https://skin365.cdn.vccloud.vn/wp-content/uploads/2022/07/eogJygJk-scaled-1-300x300.jpeg,,,,,,https://skin365.vn/danh-muc/cham-soc-co-the/khac/,https://skin365.cdn.vccloud.vn/wp-content/uploads/2022/03/Tesori-Doriente-Lotus-Flower-Body-Cream-300mL-300x300.jpg,"
Chăm Sóc Cơ Thể",Kem Dưỡng Da Tesori D’oriente Lotus Flower Body Cream 300mL,270.000 ₫, 276 lượt xem, Bán 24,https://skin365.vn/san-pham/kem-duong-da-tesori-doriente-lotus-flower-body-cream-300ml/
https://skin365.cdn.vccloud.vn/wp-content/uploads/2022/07/eogJygJk-scaled-1-300x300.jpeg,,,,,,https://skin365.vn/danh-muc/cham-soc-co-the/khac/,https://skin365.cdn.vccloud.vn/wp-content/uploads/2017/12/Shiseido-Fino-Premium-Touch-300x300.jpg,"
Chăm Sóc Cơ Thể",Ủ Tóc Shiseido Fino Premium Touch,, 297 lượt xem, Bán 24,https://skin365.vn/san-pham/u-toc-shiseido-fino-premium-touch/
https://skin365.cdn.vccloud.vn/wp-content/uploads/2022/07/eogJygJk-scaled-1-300x300.jpeg,,,,,,https://skin365.vn/danh-muc/cham-soc-co-the/khac/,https://skin365.cdn.vccloud.vn/wp-content/uploads/2023/02/Thiet-ke-chua-co-ten-2023-02-24T092147.883-300x300.png,"
Chăm Sóc Cơ Thể",Kem Đánh Răng Crest 3D White Advanced Whitening 147g,, 430 lượt xem, Bán 21,https://skin365.vn/san-pham/kem-danh-rang-crest-3d-white-advanced-whitening-147g/
https://skin365.cdn.vccloud.vn/wp-content/uploads/2022/07/eogJygJk-scaled-1-300x300.jpeg,,,,,,https://skin365.vn/danh-muc/cham-soc-co-the/khac/,https://skin365.cdn.vccloud.vn/wp-content/uploads/2022/07/Kem-Tay-Long-Veet-Pure-Inspirations-Hair-Removal-Cream-UK-100mL-300x300.jpg,"
Chăm Sóc Cơ Thể",Kem Tẩy Lông Veet Pure Inspirations Hair Removal Cream UK 100mL,, 410 lượt xem, Bán 21,https://skin365.vn/san-pham/kem-tay-long-veet-pure-inspirations-hair-removal-cream-uk-100ml/
https://skin365.cdn.vccloud.vn/wp-content/uploads/2022/07/eogJygJk-scaled-1-300x300.jpeg,,,,,,https://skin365.vn/danh-muc/cham-soc-co-the/khac/,https://skin365.cdn.vccloud.vn/wp-content/uploads/2022/06/myC4Jc1s-300x300.jpeg,"
Chăm Sóc Cơ Thể",Kem Dưỡng Trắng Da Body Rmon White Label Dia Whitening Cream 200mL,340.000 ₫, 368 lượt xem, Bán 21,https://skin365.vn/san-pham/kem-duong-trang-da-body-rmon-white-label-dia-whitening-cream-200ml/
https://skin365.cdn.vccloud.vn/wp-content/uploads/2022/07/eogJygJk-scaled-1-300x300.jpeg,,,,,,https://skin365.vn/danh-muc/cham-soc-co-the/khac/,https://skin365.cdn.vccloud.vn/wp-content/uploads/2022/03/AnyConv.com__zoom-front-206299-300x300.jpg,"
Chăm Sóc Cơ Thể",Dung Dịch Vệ Sinh Corine de Farme Intimate Wash 250mL,199.000 ₫, 356 lượt xem, Bán 21,https://skin365.vn/san-pham/dung-dich-ve-sinh-corine-de-farme-intimate-wash-250ml/
https://skin365.cdn.vccloud.vn/wp-content/uploads/2022/07/eogJygJk-scaled-1-300x300.jpeg,,,,,,https://skin365.vn/danh-muc/cham-soc-co-the/khac/,https://skin365.cdn.vccloud.vn/wp-content/uploads/2021/12/KoELnl7w-300x300.png,"
Chăm Sóc Cơ Thể",Kem Dưỡng Ẩm Nivea Soft 200mL,, 254 lượt xem, Bán 21,https://skin365.vn/san-pham/kem-duong-am-nivea-soft-200ml/
https://skin365.cdn.vccloud.vn/wp-content/uploads/2022/07/eogJygJk-scaled-1-300x300.jpeg,,,,,,https://skin365.vn/danh-muc/cham-soc-co-the/khac/,https://skin365.cdn.vccloud.vn/wp-content/uploads/2020/10/Sua-Tam-Neutrogena-Rainbath-Refreshing-Shower-And-Bath-Gel-473mL-300x300.jpg,"
Chăm Sóc Cơ Thể",Sữa Tắm Neutrogena Rainbath Refreshing Shower And Bath Gel 473mL,295.000 ₫, 290 lượt xem, Bán 21,https://skin365.vn/san-pham/sua-tam-neutrogena-rainbath-refreshing-shower-and-bath-gel-473ml/
https://skin365.cdn.vccloud.vn/wp-content/uploads/2022/07/eogJygJk-scaled-1-300x300.jpeg,,,,,,https://skin365.vn/danh-muc/cham-soc-co-the/khac/,https://skin365.cdn.vccloud.vn/wp-content/uploads/2020/10/Vaseline-Dry-48h-50mL-white-dry-300x300.jpg,"
Chăm Sóc Cơ Thể",Tinh Chất Dưỡng Trắng Vùng Nách Vaseline Dry 48h 50mL,, 299 lượt xem, Bán 21,https://skin365.vn/san-pham/serum-duong-trang-vung-nach-vaseline-dry-48h-50ml/
https://skin365.cdn.vccloud.vn/wp-content/uploads/2022/07/eogJygJk-scaled-1-300x300.jpeg,,,,,,https://skin365.vn/danh-muc/cham-soc-co-the/khac/,https://skin365.cdn.vccloud.vn/wp-content/uploads/2022/09/10330314-olay-bs-lot-cleansing-_-nourishing-250ml-300x300.jpg,"
Chăm Sóc Cơ Thể",Dưỡng Thể Olay Bodyscience B3+Hyaluronic Acid Body Lotion 250mL,, 272 lượt xem, Bán 18,https://skin365.vn/san-pham/duong-the-olay-bodyscience-b3hyaluronic-acid-body-lotion-250ml/
https://skin365.cdn.vccloud.vn/wp-content/uploads/2022/07/eogJygJk-scaled-1-300x300.jpeg,,,,,,https://skin365.vn/danh-muc/cham-soc-co-the/khac/,https://skin365.cdn.vccloud.vn/wp-content/uploads/2022/08/t3dHZLrI-300x300.jpeg,"
Chăm Sóc Cơ Thể",Sữa Dưỡng Trắng Toàn Thân Precious Skin Alpha Arbutin 3 Plus+ Collagen Lotion 500mL,, 288 lượt xem, Bán 18,https://skin365.vn/san-pham/sua-duong-trang-toan-than-precious-skin-alpha-arbutin-3-plus-collagen-lotion-500ml/
https://skin365.cdn.vccloud.vn/wp-content/uploads/2022/07/eogJygJk-scaled-1-300x300.jpeg,,,,,,https://skin365.vn/danh-muc/cham-soc-co-the/khac/,https://skin365.cdn.vccloud.vn/wp-content/uploads/2022/06/Paulas-Choice-Weightless-Body-Treatment-2-BHA-210mL-300x300.jpg,"
Dưỡng Thể",Kem Dưỡng Thể Paula’s Choice Weightless Body Treatment 2% BHA 210mL,950.000 ₫, 224 lượt xem, Bán 18,https://skin365.vn/san-pham/kem-duong-the-paulas-choice-weightless-body-treatment-2-bha-210ml/
https://skin365.cdn.vccloud.vn/wp-content/uploads/2022/07/eogJygJk-scaled-1-300x300.jpeg,,,,,,https://skin365.vn/danh-muc/cham-soc-co-the/khac/,https://skin365.cdn.vccloud.vn/wp-content/uploads/2021/09/Caryophy-Portulaca-Body-Mist-150mL-300x300.jpg,"
Chăm Sóc Cơ Thể",Xịt Trị Mụn Caryophy Portulaca Body Mist 150mL,390.000 ₫, 309 lượt xem, Bán 18,https://skin365.vn/san-pham/xit-tri-mun-caryophy-portulaca-body-mist-150ml/
https://skin365.cdn.vccloud.vn/wp-content/uploads/2022/07/eogJygJk-scaled-1-300x300.jpeg,,,,,,https://skin365.vn/danh-muc/cham-soc-co-the/khac/,https://skin365.cdn.vccloud.vn/wp-content/uploads/2021/06/Sua-Tam-Cottage-560mL-300x300.jpg,"
Chăm Sóc Cơ Thể",Sữa Tắm Cottage 560mL,, 396 lượt xem, Bán 18,https://skin365.vn/san-pham/sua-tam-cottage-560ml/
https://skin365.cdn.vccloud.vn/wp-content/uploads/2022/07/eogJygJk-scaled-1-300x300.jpeg,,,,,,https://skin365.vn/danh-muc/cham-soc-co-the/khac/,https://skin365.cdn.vccloud.vn/wp-content/uploads/2020/11/Bo-Goi-Xa-Cho-Toc-Hu-Ton-Mise-en-Scene-Damage-Care-Sleek-Smooth-300x300.jpg,"
Chăm Sóc Cơ Thể",Bộ Gội Xả Cho Tóc Hư Tổn Mise en Scene Damage Care Sleek & Smooth,, 267 lượt xem, Bán 18,https://skin365.vn/san-pham/dau-goi-xa-cho-toc-hu-ton-mise-en-scene-damage-care-sleek-smooth-680ml/
https://skin365.cdn.vccloud.vn/wp-content/uploads/2022/07/eogJygJk-scaled-1-300x300.jpeg,,,,,,https://skin365.vn/danh-muc/cham-soc-co-the/khac/,https://skin365.cdn.vccloud.vn/wp-content/uploads/2020/11/Dau-Duong-Toc-Tsubaki-Oil-Perfection-Hair-Oil-50mL-4-300x300.jpg,"
Chăm Sóc Cơ Thể",Dầu Dưỡng Tóc Tsubaki Oil Perfection Hair Oil 50mL,289.000 ₫, 260 lượt xem, Bán 18,https://skin365.vn/san-pham/dau-duong-toc-tsubaki-oil-perfection-hair-oil-50ml/
https://skin365.cdn.vccloud.vn/wp-content/uploads/2022/07/eogJygJk-scaled-1-300x300.jpeg,,,,,,https://skin365.vn/danh-muc/cham-soc-co-the/khac/,https://skin365.cdn.vccloud.vn/wp-content/uploads/2020/08/Dr.top-Miracle-Volume-Powder-1-300x300.jpg,"
Chăm Sóc Cơ Thể",Xịt phồng tóc Dr.top Miracle Volume Powder,, 392 lượt xem, Bán 18,https://skin365.vn/san-pham/xit-phong-toc-dr-top-miracle-volume-powder/
https://skin365.cdn.vccloud.vn/wp-content/uploads/2022/07/eogJygJk-scaled-1-300x300.jpeg,,,,,,https://skin365.vn/danh-muc/cham-soc-co-the/khac/,https://skin365.cdn.vccloud.vn/wp-content/uploads/2018/11/Sua-Duong-Trang-Da-Secret-Key-Snow-White-Milky-Lotion-300x300.jpg,"
Chăm Sóc Cơ Thể",Sữa Dưỡng Trắng Da Secret Key Snow White Milky Lotion,490.000 ₫, 267 lượt xem, Bán 18,https://skin365.vn/san-pham/sua-duong-trang-da-secret-key-snow-white-milky-lotion/
https://skin365.cdn.vccloud.vn/wp-content/uploads/2022/07/eogJygJk-scaled-1-300x300.jpeg,,,,,,https://skin365.vn/danh-muc/cham-soc-co-the/khac/,https://skin365.cdn.vccloud.vn/wp-content/uploads/2022/10/duong-the-olayy-1-300x300.png,"
Chăm Sóc Cơ Thể",Dưỡng Thể Olay Body Cellscience B3+ Optic Glow & Radiance Body Lotion 250mL (Bản Trung),340.000 ₫, 290 lượt xem, Bán 15,https://skin365.vn/san-pham/duong-the-olay-body-cellscience-b3-optic-glow-radiance-body-lotion-250ml-ban-trung/
https://skin365.cdn.vccloud.vn/wp-content/uploads/2022/07/eogJygJk-scaled-1-300x300.jpeg,,,,,,https://skin365.vn/danh-muc/cham-soc-co-the/khac/,https://skin365.cdn.vccloud.vn/wp-content/uploads/2022/10/Sua-Tam-Olay-Body-Cellscience-B3-Vitamin-C-Optic-Glow-Brightening-500mL-Ban-Trung-1-1-300x300.png,"
Chăm Sóc Cơ Thể",Sữa Tắm Olay Body Cellscience B3+ Vitamin C Optic Glow & Brightening 500mL (Bản Trung),230.000 ₫, 238 lượt xem, Bán 15,https://skin365.vn/san-pham/sua-tam-olay-body-cellscience-b3-vitamin-c-optic-glow-brightening-500ml-ban-trung/
https://skin365.cdn.vccloud.vn/wp-content/uploads/2022/07/eogJygJk-scaled-1-300x300.jpeg,,,,,,https://skin365.vn/danh-muc/cham-soc-co-the/khac/,https://skin365.cdn.vccloud.vn/wp-content/uploads/2022/06/Thiet-ke-chua-co-ten-2023-03-07T165150.900-300x300.png,"
Chăm Sóc Cơ Thể",Xịt Thơm Mát Vùng Kín Cao Cấp Femfresh Active Deodorant 125mL,185.000 ₫, 248 lượt xem, Bán 15,https://skin365.vn/san-pham/xit-thom-mat-vung-kin-cao-cap-femfresh-active-deodorant-125ml/
https://skin365.cdn.vccloud.vn/wp-content/uploads/2022/07/eogJygJk-scaled-1-300x300.jpeg,,,,,,https://skin365.vn/danh-muc/cham-soc-co-the/khac/,https://skin365.cdn.vccloud.vn/wp-content/uploads/2022/06/Victorias-Secret-Fragrance-Mist-CRYSTAL-Collection-250mL-300x300.jpg,"
Chăm Sóc Cơ Thể",Xịt Thơm Body Victoria’s Secret Fragrance Mist CRYSTAL Collection 250mL,, 200 lượt xem, Bán 15,https://skin365.vn/san-pham/xit-thom-body-victorias-secret-fragrance-mist-crystal-collection-250ml/
https://skin365.cdn.vccloud.vn/wp-content/uploads/2022/07/eogJygJk-scaled-1-300x300.jpeg,,,,,,https://skin365.vn/danh-muc/cham-soc-co-the/khac/,https://skin365.cdn.vccloud.vn/wp-content/uploads/2021/10/Liberty-Cup-Coupe-Menstruelle-300x300.jpg,"
Chăm Sóc Cơ Thể",Cốc Nguyệt San Liberty Cup Coupe Menstruelle,, 286 lượt xem, Bán 15,https://skin365.vn/san-pham/coc-nguyet-san-liberty-cup-coupe-menstruelle/
https://skin365.cdn.vccloud.vn/wp-content/uploads/2022/07/eogJygJk-scaled-1-300x300.jpeg,,,,,,https://skin365.vn/danh-muc/cham-soc-co-the/khac/,https://skin365.cdn.vccloud.vn/wp-content/uploads/2021/06/Victorias-Secret-Fragrance-Lotion-236mL-300x300.jpg,"
Chăm Sóc Cơ Thể",Sữa Dưỡng Thể Victoria’s Secret Fragrance Lotion 236mL,, 262 lượt xem, Bán 15,https://skin365.vn/san-pham/sua-duong-the-victorias-secret-fragrance-lotion-236ml/
https://skin365.cdn.vccloud.vn/wp-content/uploads/2022/07/eogJygJk-scaled-1-300x300.jpeg,,,,,,https://skin365.vn/danh-muc/cham-soc-co-the/khac/,https://skin365.cdn.vccloud.vn/wp-content/uploads/2020/08/Lan-Khu-Mui-Dac-Tri-Etiaxil-Detranspirant-Traitement-Aisselles-Peaux-Normales-15mL-300x300.jpg,"
Chăm Sóc Cơ Thể",Lăn Khử Mùi Đặc Trị Etiaxil Detranspirant Traitement Aisselles Peaux Normales 15mL,293.000 ₫, 353 lượt xem, Bán 15,https://skin365.vn/san-pham/lan-khu-mui-dac-tri-etiaxil-detranspirant-traitement-aisselles-peaux-normales-15ml/
https://skin365.cdn.vccloud.vn/wp-content/uploads/2022/07/eogJygJk-scaled-1-300x300.jpeg,,,,,,https://skin365.vn/danh-muc/cham-soc-co-the/khac/,https://skin365.cdn.vccloud.vn/wp-content/uploads/2022/11/Thiet-ke-chua-co-ten-2022-12-10T115001.443-300x300.png,"
Chăm Sóc Cơ Thể",Tẩy Tế Bào Chết Milaganics Coffee Scrub 200g,, 203 lượt xem, Bán 12,https://skin365.vn/san-pham/hang-tang-tay-te-bao-chet-milaganics-coffee-scrub-200g/
https://skin365.cdn.vccloud.vn/wp-content/uploads/2022/07/eogJygJk-scaled-1-300x300.jpeg,,,,,,https://skin365.vn/danh-muc/cham-soc-co-the/khac/,https://skin365.cdn.vccloud.vn/wp-content/uploads/2022/02/JtBqJrdg-300x300.jpeg,"
Chăm Sóc Cơ Thể",Lăn Khử Mùi Vichy 50mL (Phân Phối Chính Hãng),295.000 ₫, 148 lượt xem, Bán 12,https://skin365.vn/san-pham/lan-khu-mui-vichy-50ml-phan-phoi-chinh-hang/
https://skin365.cdn.vccloud.vn/wp-content/uploads/2022/07/eogJygJk-scaled-1-300x300.jpeg,,,,,,https://skin365.vn/danh-muc/cham-soc-co-the/khac/,https://skin365.cdn.vccloud.vn/wp-content/uploads/2021/10/ADERMA-Shower-Gel-Hydra-Protective-500mL-300x300.jpg,"
Chăm Sóc Cơ Thể",Sữa Tắm ADERMA Shower Gel Hydra-Protective 500mL,, 291 lượt xem, Bán 12,https://skin365.vn/san-pham/sua-tam-aderma-shower-gel-hydra-protective-500ml/
https://skin365.cdn.vccloud.vn/wp-content/uploads/2022/07/eogJygJk-scaled-1-300x300.jpeg,,,,,,https://skin365.vn/danh-muc/cham-soc-co-the/khac/,https://skin365.cdn.vccloud.vn/wp-content/uploads/2021/06/White-Conc-Body-Lotion-245mL-300x300.jpg,"
Chăm Sóc Cơ Thể",Xịt Dưỡng Trắng White Conc Body Lotion 245mL,350.000 ₫, 301 lượt xem, Bán 12,https://skin365.vn/san-pham/xit-duong-trang-da-white-conc-body-lotion-245ml/
https://skin365.cdn.vccloud.vn/wp-content/uploads/2022/07/eogJygJk-scaled-1-300x300.jpeg,,,,,,https://skin365.vn/danh-muc/cham-soc-co-the/khac/,https://skin365.cdn.vccloud.vn/wp-content/uploads/2022/11/Thiet-ke-chua-co-ten-2022-12-10T114819.321-300x300.png,"
Chăm Sóc Cơ Thể",Gel Nha Đam Milaganics Aloe Vera Gel 98% 300mL,, 283 lượt xem, Bán 9,https://skin365.vn/san-pham/hang-tang-gel-nha-dam-milaganics-aloe-vera-gel-98-300ml/
https://skin365.cdn.vccloud.vn/wp-content/uploads/2022/07/eogJygJk-scaled-1-300x300.jpeg,,,,,,https://skin365.vn/danh-muc/cham-soc-co-the/khac/,https://skin365.cdn.vccloud.vn/wp-content/uploads/2022/07/Tra-Giam-Can-Night-Diet-Orihiro-300x300.jpg,"
Chăm Sóc Cơ Thể",Trà Giảm Cân Night Diet Orihiro,, 155 lượt xem, Bán 9,https://skin365.vn/san-pham/tra-giam-can-night-diet-orihiro/
https://skin365.cdn.vccloud.vn/wp-content/uploads/2022/07/eogJygJk-scaled-1-300x300.jpeg,,,,,,https://skin365.vn/danh-muc/cham-soc-co-the/khac/,https://skin365.cdn.vccloud.vn/wp-content/uploads/2020/08/Kem-Xa-Tsubaki-Premium-Repair-Treatment-180g-300x300.jpg,"
Chăm Sóc Cơ Thể",Kem Xả Tsubaki Premium Repair Treatment 180g,189.000 ₫, 275 lượt xem, Bán 9,https://skin365.vn/san-pham/kem-xa-phuc-hoi-hu-ton-tsubaki-premium-repair-treatment-180g/
https://skin365.cdn.vccloud.vn/wp-content/uploads/2022/07/eogJygJk-scaled-1-300x300.jpeg,,,,,,https://skin365.vn/danh-muc/cham-soc-co-the/khac/,https://skin365.cdn.vccloud.vn/wp-content/uploads/2019/06/BVS-Hang-Ngay-Diana-Sensi-8-mieng-300x300.jpg,"
Chăm Sóc Cơ Thể",BVS Hằng Ngày Diana Sensi 8 miếng,, 114 lượt xem, Bán 9,https://skin365.vn/san-pham/bvs-hang-ngay-diana-sensi-8-pcs/
https://skin365.cdn.vccloud.vn/wp-content/uploads/2022/07/eogJygJk-scaled-1-300x300.jpeg,,,,,,https://skin365.vn/danh-muc/cham-soc-co-the/khac/,https://skin365.cdn.vccloud.vn/wp-content/uploads/2018/11/Macherie-Shiseido-Fragrance-Body-Soap-450mL-300x300.jpg,"
Chăm Sóc Cơ Thể",Sữa Tắm Macherie Shiseido Fragrance Body Soap 450mL,, 288 lượt xem, Bán 9,https://skin365.vn/san-pham/sua-tam-macherie-shiseido-fragrance-body-soap-450ml/
https://skin365.cdn.vccloud.vn/wp-content/uploads/2022/07/eogJygJk-scaled-1-300x300.jpeg,,,,,,https://skin365.vn/danh-muc/cham-soc-co-the/khac/,https://skin365.cdn.vccloud.vn/wp-content/uploads/2018/09/White-Conc-Body-Gommage-180g-300x300.jpg,"
Chăm Sóc Cơ Thể",Tẩy Da Chết Dưỡng Trắng Toàn Thân White Conc Body Gommage 180g,350.000 ₫, 118 lượt xem, Bán 9,https://skin365.vn/san-pham/gel-tay-te-bao-chet-toan-than-duong-trang-white-conc-body-gommage-nhat/
https://skin365.cdn.vccloud.vn/wp-content/uploads/2022/07/eogJygJk-scaled-1-300x300.jpeg,,,,,,https://skin365.vn/danh-muc/cham-soc-co-the/khac/,https://skin365.cdn.vccloud.vn/wp-content/uploads/2023/02/Thiet-ke-chua-co-ten-2023-02-23T161121.719-300x300.png,"
Chăm Sóc Cơ Thể",Kem Đánh Răng Crest 3D White Whitening Therapy Charcoal Deep Clean 116g,, 209 lượt xem, Bán 6,https://skin365.vn/san-pham/kem-danh-rang-crest-3d-white-whitening-therapy-charcoal-deep-clean-116g/
https://skin365.cdn.vccloud.vn/wp-content/uploads/2022/07/eogJygJk-scaled-1-300x300.jpeg,,,,,,https://skin365.vn/danh-muc/cham-soc-co-the/khac/,https://skin365.cdn.vccloud.vn/wp-content/uploads/2022/11/Ke-Mat-Habaria-Waterproof-Brush-Liner-Nhap-Khau-3-300x300.png,"
Chăm Sóc Cơ Thể",Xịt Thâm Mụn Lưng Bí Đao Cocoon Winter Melon Dark Spots & Acne Spray For Back 140mL,265.000 ₫, 199 lượt xem, Bán 6,https://skin365.vn/san-pham/xit-tham-mun-lung-bi-dao-cocoon-winter-melon-dark-spots-acne-spray-for-back-140ml/
https://skin365.cdn.vccloud.vn/wp-content/uploads/2022/07/eogJygJk-scaled-1-300x300.jpeg,,,,,,https://skin365.vn/danh-muc/cham-soc-co-the/khac/,https://skin365.cdn.vccloud.vn/wp-content/uploads/2022/10/Kem-Duong-Tay-Kose-Precious-Garden-Hand-Cream-70g-6-300x300.png,"
Chăm Sóc Cơ Thể",Kem Dưỡng Tay Kose Precious Garden Hand Cream 70g,110.000 ₫, 175 lượt xem, Bán 6,https://skin365.vn/san-pham/kem-duong-tay-kose-precious-garden-hand-cream-70g/
https://skin365.cdn.vccloud.vn/wp-content/uploads/2022/07/eogJygJk-scaled-1-300x300.jpeg,,,,,,https://skin365.vn/danh-muc/cham-soc-co-the/khac/,https://skin365.cdn.vccloud.vn/wp-content/uploads/2022/09/10330316-olay-bs-lot-cleansing-_-firming-250ml-300x300.jpg,"
Chăm Sóc Cơ Thể",Dưỡng Thể Olay Bodyscience B3+Peptide Body Lotion 250mL,, 255 lượt xem, Bán 6,https://skin365.vn/san-pham/duong-the-olay-bodyscience-b3peptide-body-lotion-250ml/
https://skin365.cdn.vccloud.vn/wp-content/uploads/2022/07/eogJygJk-scaled-1-300x300.jpeg,,,,,,https://skin365.vn/danh-muc/cham-soc-co-the/khac/,https://skin365.cdn.vccloud.vn/wp-content/uploads/2022/07/Perspi-Guard-Maximum-Strength-Antiperspirant-Spray-300x300.jpg,"
Chăm Sóc Cơ Thể",Xịt Khử Mùi Perspi-Guard Maximum Strength Antiperspirant Spray (Nhập Khẩu) 30mL,, 78 lượt xem, Bán 6,https://skin365.vn/san-pham/xit-khu-mui-perspi-guard-maximum-strength-antiperspirant-spray-nhap-khau-30ml/
https://skin365.cdn.vccloud.vn/wp-content/uploads/2022/07/eogJygJk-scaled-1-300x300.jpeg,,,,,,https://skin365.vn/danh-muc/cham-soc-co-the/khac/,https://skin365.cdn.vccloud.vn/wp-content/uploads/2022/07/Perspi-Guard-Maximum-Strength-Antiperspirant-Roll-On-300x300.jpg,"
Chăm Sóc Cơ Thể",Lăn Khử Mùi Perspi-Guard Maximum Strength Antiperspirant Roll-On (Nhập Khẩu) 30mL,, 80 lượt xem, Bán 6,https://skin365.vn/san-pham/lan-khu-mui-perspi-guard-maximum-strength-antiperspirant-roll-on-nhap-khau-30ml/
https://skin365.cdn.vccloud.vn/wp-content/uploads/2022/07/eogJygJk-scaled-1-300x300.jpeg,,,,,,https://skin365.vn/danh-muc/cham-soc-co-the/khac/,https://skin365.cdn.vccloud.vn/wp-content/uploads/2022/07/Deonatulle-Soft-Stone-Double-Color-Control-Deodorant-20g-300x300.jpg,"
Chăm Sóc Cơ Thể",Lăn Khử Mùi Deonatulle Soft Stone Double Color Control Deodorant 20g,, 122 lượt xem, Bán 6,https://skin365.vn/san-pham/lan-khu-mui-deonatulle-soft-stone-double-color-control-deodorant-20g/
https://skin365.cdn.vccloud.vn/wp-content/uploads/2022/07/eogJygJk-scaled-1-300x300.jpeg,,,,,,https://skin365.vn/danh-muc/cham-soc-co-the/khac/,https://skin365.cdn.vccloud.vn/wp-content/uploads/2022/06/9Nnczq-Y-300x300.jpeg,"
Chăm Sóc Cơ Thể",Dưỡng Thể REDWIN Vitamin E Body Lotion 400mL,, 162 lượt xem, Bán 6,https://skin365.vn/san-pham/duong-the-redwin-vitamin-e-body-lotion-400ml/
https://skin365.cdn.vccloud.vn/wp-content/uploads/2022/07/eogJygJk-scaled-1-300x300.jpeg,,,,,,https://skin365.vn/danh-muc/cham-soc-co-the/khac/,https://skin365.cdn.vccloud.vn/wp-content/uploads/2022/05/Cocoon-Duong-Thot-Not-An-Giang-Palmyra-Palm-Sugar-Body-Polish-200mL-300x300.jpg,"
Chăm Sóc Cơ Thể",Tẩy Da Chết Toàn Thân Cocoon Đường Thốt Nốt An Giang Palmyra Palm Sugar Body Polish 200mL,, 206 lượt xem, Bán 6,https://skin365.vn/san-pham/tay-da-chet-toan-than-cocoon-duong-thot-not-an-giang-palmyra-palm-sugar-body-polish-200ml/
https://skin365.cdn.vccloud.vn/wp-content/uploads/2022/07/eogJygJk-scaled-1-300x300.jpeg,,,,,,https://skin365.vn/danh-muc/cham-soc-co-the/khac/,https://skin365.cdn.vccloud.vn/wp-content/uploads/2022/02/Cocoon-Winter-Melon-Shower-300mL-300x300.jpg,"
Chăm Sóc Cơ Thể",Gel Tắm Bí Đao Cocoon Winter Melon Shower,, 164 lượt xem, Bán 6,https://skin365.vn/san-pham/gel-tam-bi-dao-cocoon-winter-melon-shower-300ml/
https://skin365.cdn.vccloud.vn/wp-content/uploads/2022/07/eogJygJk-scaled-1-300x300.jpeg,,,,,,https://skin365.vn/danh-muc/cham-soc-co-the/khac/,https://skin365.cdn.vccloud.vn/wp-content/uploads/2022/01/aLUEQe1w-300x300.jpeg,"
Chăm Sóc Cơ Thể",Xịt Thơm Victoria’s Secret Fragrance Mist – UNTAMED Collection 250mL,, 118 lượt xem, Bán 6,https://skin365.vn/san-pham/xit-thom-victorias-secret-fragrance-mist-untamed-collection-250ml/
https://skin365.cdn.vccloud.vn/wp-content/uploads/2022/07/eogJygJk-scaled-1-300x300.jpeg,,,,,,https://skin365.vn/danh-muc/cham-soc-co-the/khac/,https://skin365.cdn.vccloud.vn/wp-content/uploads/2021/05/Mistine-Milk-Tea-Body-Lotion-200mL-300x300.jpg,"
Chăm Sóc Cơ Thể",Dưỡng Thể Mistine Milk Tea Body Lotion 200mL,, 116 lượt xem, Bán 6,https://skin365.vn/san-pham/duong-the-mistine-milk-tea-body-lotion-200ml/
https://skin365.cdn.vccloud.vn/wp-content/uploads/2022/07/eogJygJk-scaled-1-300x300.jpeg,,,,,,https://skin365.vn/danh-muc/cham-soc-co-the/khac/,https://skin365.cdn.vccloud.vn/wp-content/uploads/2020/10/Sua-Tam-Naruko-Tea-Tree-Shine-Control-Blemish-Clear-Shower-Gel-250mL-1-300x300.jpg,"
Chăm Sóc Cơ Thể",Sữa Tắm Tràm Trà Naruko Tea Tree Shine Control & Blemish Clear Shower Gel 250mL,259.000 ₫, 168 lượt xem, Bán 6,https://skin365.vn/san-pham/sua-tam-naruko-tea-tree-shine-control-blemish-clear-shower-gel-250ml/
https://skin365.cdn.vccloud.vn/wp-content/uploads/2022/07/eogJygJk-scaled-1-300x300.jpeg,,,,,,https://skin365.vn/danh-muc/cham-soc-co-the/khac/,https://skin365.cdn.vccloud.vn/wp-content/uploads/2020/08/OGX-Argan-Oil-of-Morocco-Penetrating-Oil-100mL-300x300.jpg,"
Chăm Sóc Cơ Thể",Dưỡng Tóc OGX Argan Oil of Morocco Penetrating Oil 100mL,, 111 lượt xem, Bán 6,https://skin365.vn/san-pham/duong-toc-ogx-argan-oil-of-morocco-penetrating-oil-100ml/
https://skin365.cdn.vccloud.vn/wp-content/uploads/2022/07/eogJygJk-scaled-1-300x300.jpeg,,,,,,https://skin365.vn/danh-muc/cham-soc-co-the/khac/,https://skin365.cdn.vccloud.vn/wp-content/uploads/2018/10/Dionel-Secret-Love-Black-Edition-5mL-300x300.jpg,"
Chăm Sóc Cơ Thể",Nước Hoa Vùng Kín Dionel Secret Love Black Edition 5mL,, 254 lượt xem, Bán 6,https://skin365.vn/san-pham/nuoc-hoa-vung-kin-dionel-secret-love-black-edition-5ml/
https://skin365.cdn.vccloud.vn/wp-content/uploads/2022/07/eogJygJk-scaled-1-300x300.jpeg,,,,,,https://skin365.vn/danh-muc/cham-soc-co-the/khac/,https://skin365.cdn.vccloud.vn/wp-content/uploads/2023/02/Thiet-ke-chua-co-ten-3-300x300.png,"
Chăm Sóc Da Mặt",Kem Chống Nắng Make P:rem UV Defense Me Calming Tone Up Sun Cream SPF50+ PA++++ 70mL (Nhập Khẩu),345.000 ₫, 47 lượt xem, Bán 3,https://skin365.vn/san-pham/kem-chong-nang-make-prem-uv-defense-me-calming-tone-up-sun-cream-spf50-pa-70ml-nhap-khau/
https://skin365.cdn.vccloud.vn/wp-content/uploads/2022/07/eogJygJk-scaled-1-300x300.jpeg,,,,,,https://skin365.vn/danh-muc/cham-soc-co-the/khac/,https://skin365.cdn.vccloud.vn/wp-content/uploads/2022/11/Thiet-ke-chua-co-ten-29-300x300.png,"
Chăm Sóc Cơ Thể",Dưỡng Thể Trắng Da Whisis Premium Glutathione Whitening Body Lotion (Nhập Khẩu) – 200mL,220.000 ₫, 46 lượt xem, Bán 3,https://skin365.vn/san-pham/duong-the-trang-da-whisis-premium-glutathione-whitening-body-lotion-nhap-khau-200ml/
https://skin365.cdn.vccloud.vn/wp-content/uploads/2022/07/eogJygJk-scaled-1-300x300.jpeg,,,,,,https://skin365.vn/danh-muc/cham-soc-co-the/khac/,https://skin365.cdn.vccloud.vn/wp-content/uploads/2022/08/Cetaphil-Baby-Gentle-Wash-Shampoo-230mL-300x300.jpg,"
Chăm Sóc Cơ Thể",Sữa Tắm Và Gội Cho Trẻ Em Cetaphil Baby Gentle Wash & Shampoo 230mL (Nhập Khẩu),220.000 ₫, 222 lượt xem, Bán 3,https://skin365.vn/san-pham/sua-tam-va-goi-cho-tre-em-cetaphil-baby-gentle-wash-shampoo-230ml-nhap-khau/
https://skin365.cdn.vccloud.vn/wp-content/uploads/2022/07/eogJygJk-scaled-1-300x300.jpeg,,,,,,https://skin365.vn/danh-muc/cham-soc-co-the/khac/,https://skin365.cdn.vccloud.vn/wp-content/uploads/2022/01/Pelican-Lovely-Boobs-Care-Soap-80g-300x300.jpg,"
Chăm Sóc Cơ Thể",Xà Phòng Dưỡng Da Cho Ngực Pelican Lovely Boobs Care Soap 80g,, 127 lượt xem, Bán 3,https://skin365.vn/san-pham/xa-phong-duong-da-cho-nguc-pelican-lovely-boobs-care-soap-80g/
https://skin365.cdn.vccloud.vn/wp-content/uploads/2022/07/eogJygJk-scaled-1-300x300.jpeg,,,,,,https://skin365.vn/danh-muc/cham-soc-co-the/khac/,https://skin365.cdn.vccloud.vn/wp-content/uploads/2021/10/5279d9a470d4d84529b25e15aa132fcb-300x300.jpg,"
Chăm Sóc Cơ Thể",Sữa Tắm Happy Bath Perfume Body Wash 900g,, 168 lượt xem, Bán 3,https://skin365.vn/san-pham/sua-tam-happy-bath-perfume-body-wash-900g/
https://skin365.cdn.vccloud.vn/wp-content/uploads/2022/07/eogJygJk-scaled-1-300x300.jpeg,,,,,,https://skin365.vn/danh-muc/cham-soc-co-the/khac/,https://skin365.cdn.vccloud.vn/wp-content/uploads/2021/04/Victorias-Secret-PINK-75mL-300x300.jpg,"
Chăm Sóc Cơ Thể",Xịt Thơm Victoria’s Secret PINK 75mL,, 233 lượt xem, Bán 3,https://skin365.vn/san-pham/xit-thom-victorias-secret-pink-75ml/
https://skin365.cdn.vccloud.vn/wp-content/uploads/2022/07/eogJygJk-scaled-1-300x300.jpeg,,,,,,https://skin365.vn/danh-muc/cham-soc-co-the/khac/,https://skin365.cdn.vccloud.vn/wp-content/uploads/2020/08/Chereskin-Hand-Sanitizer-Gel-100mL-300x300.jpg,"
Chăm Sóc Cơ Thể",Gel Rửa Tay Khô Chereskin Hand Sanitizer Gel 100mL,, 211 lượt xem, Bán 3,https://skin365.vn/san-pham/gel-rua-tay-kho-chereskin-hand-sanitizer-gel-100ml/
https://skin365.cdn.vccloud.vn/wp-content/uploads/2022/07/eogJygJk-scaled-1-300x300.jpeg,,,,,,https://skin365.vn/danh-muc/cham-soc-co-the/khac/,https://skin365.cdn.vccloud.vn/wp-content/uploads/2018/09/BVS-Hang-Ngay-Laurier-Nhat-Ban-72-Mieng-300x300.jpg,"
Chăm Sóc Cơ Thể",BVS Hằng Ngày Laurier Nhật Bản – 72 Miếng.,, 216 lượt xem, Bán 3,https://skin365.vn/san-pham/3895/
https://skin365.cdn.vccloud.vn/wp-content/uploads/2022/07/eogJygJk-scaled-1-300x300.jpeg,,,,,,https://skin365.vn/danh-muc/cham-soc-co-the/khac/,https://skin365.cdn.vccloud.vn/wp-content/uploads/2023/03/Thiet-ke-chua-co-ten-2023-04-01T102605.712-300x300.png,"
Chăm Sóc Cơ Thể",Sữa Tắm SHC Hatomugi Moisturizing & Washing Vitamin C – 800mL,,,,https://skin365.vn/san-pham/sua-tam-shc-hatomugi-moisturizing-washing-vitamin-c-800ml/
https://skin365.cdn.vccloud.vn/wp-content/uploads/2022/07/eogJygJk-scaled-1-300x300.jpeg,,,,,,https://skin365.vn/danh-muc/cham-soc-co-the/khac/,https://skin365.cdn.vccloud.vn/wp-content/uploads/2023/03/Thiet-ke-chua-co-ten-2023-04-01T101421.111-300x300.png,"
Chăm Sóc Cơ Thể",Sữa Tắm Manis White Body Shampoo Moisture – 450mL,,,,https://skin365.vn/san-pham/sua-tam-manis-white-body-shampoo-moisture-450ml/
https://skin365.cdn.vccloud.vn/wp-content/uploads/2022/07/eogJygJk-scaled-1-300x300.jpeg,,,,,,https://skin365.vn/danh-muc/cham-soc-co-the/khac/,https://skin365.cdn.vccloud.vn/wp-content/uploads/2022/10/Thiet-ke-chua-co-ten-54-300x300.png,"
Chăm Sóc Cơ Thể",Gel Tắm Bioderma Atoderm Gel Douche Ultra-Gentle Shower Gel 1000mL,,,,https://skin365.vn/san-pham/gel-tam-bioderma-atoderm-gel-douche-ultra-gentle-shower-gel-1000ml/
https://skin365.cdn.vccloud.vn/wp-content/uploads/2022/07/eogJygJk-scaled-1-300x300.jpeg,,,,,,https://skin365.vn/danh-muc/cham-soc-co-the/khac/,https://skin365.cdn.vccloud.vn/wp-content/uploads/2022/07/Deonatulle-Man-Soft-Stone-W-Double-Deodorant-20g-300x300.jpg,"
Chăm Sóc Cơ Thể",Lăn Khử Mùi Deonatulle Man Soft Stone W Double Deodorant 20g,,,,https://skin365.vn/san-pham/lan-khu-mui-deonatulle-man-soft-stone-w-double-deodorant-20g/
https://skin365.cdn.vccloud.vn/wp-content/uploads/2022/07/eogJygJk-scaled-1-300x300.jpeg,,,,,,https://skin365.vn/danh-muc/cham-soc-co-the/khac/,https://skin365.cdn.vccloud.vn/wp-content/uploads/2022/04/Nuoc-Hoa-Chiet-YSL-LIBRE-EDP-10mL-300x300.jpg,"
Chăm Sóc Cơ Thể",Nước Hoa Chiết YSL LIBRE EDP 10mL,,,,https://skin365.vn/san-pham/nuoc-hoa-chiet-ysl-libre-edp-10ml/
https://skin365.cdn.vccloud.vn/wp-content/uploads/2022/07/eogJygJk-scaled-1-300x300.jpeg,,,,,,https://skin365.vn/danh-muc/cham-soc-co-the/khac/,https://skin365.cdn.vccloud.vn/wp-content/uploads/2022/03/Tesori-Doriente-Lotus-Flower-Aromatic-Perfume-100mL-300x300.jpg,"
Chăm Sóc Cơ Thể",Nước Hoa Tesori D’oriente Lotus Flower Aromatic Perfume 100mL,390.000 ₫,,,https://skin365.vn/san-pham/nuoc-hoa-tesori-doriente-lotus-flower-aromatic-perfume-100ml/
https://skin365.cdn.vccloud.vn/wp-content/uploads/2022/07/eogJygJk-scaled-1-300x300.jpeg,,,,,,https://skin365.vn/danh-muc/cham-soc-co-the/khac/,https://skin365.cdn.vccloud.vn/wp-content/uploads/2021/11/HjLTWbUk-300x300.png,"
Chăm Sóc Cơ Thể",Dầu Dưỡng Đa Năng Nuxe Huile Prodigieuse Multi-Purpose Dry Oil,,,,https://skin365.vn/san-pham/dau-duong-da-nang-nuxe-huile-prodigieuse-multi-purpose-dry-oil/
https://skin365.cdn.vccloud.vn/wp-content/uploads/2022/07/eogJygJk-scaled-1-300x300.jpeg,,,,,,https://skin365.vn/danh-muc/cham-soc-co-the/khac/,https://skin365.cdn.vccloud.vn/wp-content/uploads/2021/07/01030128-001_4bd90d234cab466aad2aab2d55af93bf_master-300x300.jpg,"
Chăm Sóc Cơ Thể",Sữa Tắm Victoria’s Secret Refreshing Gel Body Wash 300mL,,,,https://skin365.vn/san-pham/sua-tam-victorias-secret-refreshing-gel-body-wash-300ml/
https://skin365.cdn.vccloud.vn/wp-content/uploads/2022/07/eogJygJk-scaled-1-300x300.jpeg,,,,,,https://skin365.vn/danh-muc/cham-soc-co-the/khac/,https://skin365.cdn.vccloud.vn/wp-content/uploads/2021/06/Gel-Tam-La-Roche-Posay-Lipikar-Soothing-Protective-Shower-Gel-400ml-1-300x300.jpg,"
Chăm Sóc Cơ Thể",Gel Tắm La Roche-Posay Lipikar Soothing Protective Shower Gel 400mL,,,,https://skin365.vn/san-pham/gel-tam-la-roche-posay-lipikar-soothing-protective-shower-gel-400ml/
https://skin365.cdn.vccloud.vn/wp-content/uploads/2022/07/eogJygJk-scaled-1-300x300.jpeg,,,,,,https://skin365.vn/danh-muc/cham-soc-co-the/khac/,https://skin365.cdn.vccloud.vn/wp-content/uploads/2021/06/Biore-U-The-Body-Foaming-Body-Wash-540mL-Brilliant-Bouquet-300x300.jpg,"
Chăm Sóc Cơ Thể",Bọt Tắm Siêu Mịn Biore U The Body Foaming Body Wash 540mL,295.000 ₫,,,https://skin365.vn/san-pham/bot-tam-sieu-min-biore-u-the-body-foaming-body-wash-540ml/
https://skin365.cdn.vccloud.vn/wp-content/uploads/2022/07/eogJygJk-scaled-1-300x300.jpeg,,,,,,https://skin365.vn/danh-muc/cham-soc-co-the/khac/,https://skin365.cdn.vccloud.vn/wp-content/uploads/2021/04/Bath-And-Body-Works-Gentle-Non-Stripping-Micellar-Body-Wash-295mL-300x300.jpg,"
Chăm Sóc Cơ Thể",Sữa Tắm Bath And Body Works Gentle & Non Stripping Micellar Body Wash 295mL,,,,https://skin365.vn/san-pham/sua-tam-bath-and-body-works-gentle-non-stripping-micellar-body-wash-295ml/
https://skin365.cdn.vccloud.vn/wp-content/uploads/2022/07/eogJygJk-scaled-1-300x300.jpeg,,,,,,https://skin365.vn/danh-muc/cham-soc-co-the/khac/,https://skin365.cdn.vccloud.vn/wp-content/uploads/2021/04/Aveeno-Active-Naturals-Daily-Moisturising-Body-Wash-354mL-300x300.jpg,"
Chăm Sóc Cơ Thể",Sữa Tắm Aveeno Active Naturals Daily Moisturising Body Wash 354mL,,,,https://skin365.vn/san-pham/sua-tam-aveeno-active-naturals-daily-moisturising-body-wash-354ml/
https://skin365.cdn.vccloud.vn/wp-content/uploads/2022/07/eogJygJk-scaled-1-300x300.jpeg,,,,,,https://skin365.vn/danh-muc/cham-soc-co-the/khac/,https://skin365.cdn.vccloud.vn/wp-content/uploads/2020/11/Set-goisua-tam-ONThe-Body-300x300.jpg,"
Chăm Sóc Cơ Thể",Set gội+sữa tắm ON:The Body,,,,https://skin365.vn/san-pham/set-goisua-tam-onthe-body/
https://skin365.cdn.vccloud.vn/wp-content/uploads/2022/07/eogJygJk-scaled-1-300x300.jpeg,,,,,,https://skin365.vn/danh-muc/cham-soc-co-the/khac/,https://skin365.cdn.vccloud.vn/wp-content/uploads/2020/08/Medipure-Instant-Hand-Sanitizer-30mL-300x300.jpg,"
Chăm Sóc Cơ Thể",Gel Rửa Tay Khô Medipure Instant Hand Sanitizer 30mL,,,,https://skin365.vn/san-pham/gel-rua-tay-kho-medipure-instant-hand-sanitizer-30ml-du-mui/
https://skin365.cdn.vccloud.vn/wp-content/uploads/2022/07/eogJygJk-scaled-1-300x300.jpeg,,,,,,https://skin365.vn/danh-muc/cham-soc-co-the/khac/,https://skin365.cdn.vccloud.vn/wp-content/uploads/2020/07/Manis-White-Body-Shampoo-Green-Tea-450mL-300x300.jpg,"
Chăm Sóc Cơ Thể",Sữa Tắm Manis White Body Shampoo Green Tea 450mL,,,,https://skin365.vn/san-pham/sua-tam-manis-white-body-shampoo-green-tea-450ml/
